title,stars,reviews,boughtinlastmonth
The Legend of Zelda: Tears of the Kingdom - Nintendo Switch (US Version),4.9,15084,10000
The Legend of Zelda: Tears of the Kingdom - Nintendo Switch (US Version),4.9,15084,10000
"Let's Count Soft Book - World of Eric Carle the Very Hungry Caterpillar Baby on the Go Clip Teething Crinkle Soft Sensory Book for Babies, 5.25x5.25 Inch",4.9,10476,10000
"Let's Count Soft Book - World of Eric Carle the Very Hungry Caterpillar Baby on the Go Clip Teething Crinkle Soft Sensory Book for Babies, 5.25x5.25 Inch",4.9,10476,10000
PlayStation DualSense Wireless Controller – Midnight Black,4.8,90649,10000
PlayStation DualSense Wireless Controller – Midnight Black,4.8,90649,10000
"MEGA BLOKS Fisher-Price Toddler Block Toys, Big Building Bag with 80 Pieces and Storage Bag, Blue, Gift Ideas for Kids Age 1+ Years",4.8,77797,10000
"MEGA BLOKS Fisher-Price Toddler Block Toys, Big Building Bag with 80 Pieces and Storage Bag, Blue, Gift Ideas for Kids Age 1+ Years",4.8,77797,10000
"Graco TurboBooster 2.0 Backless Booster Car Seat, Denton",4.8,65909,20000
"Graco TurboBooster 2.0 Backless Booster Car Seat, Denton",4.8,65909,20000
"Sassy Stacks of Circles Stacking Ring STEM Learning Toy, Age 6+ Months, Multi, 9 Piece Set",4.8,56107,20000
"Sassy Stacks of Circles Stacking Ring STEM Learning Toy, Age 6+ Months, Multi, 9 Piece Set",4.8,56107,20000
"Neutrogena Makeup Remover Wipes Singles, Daily Facial Cleanser Towelettes, Gently Removes Oil & Makeup, Alcohol-Free Makeup Wipes, Individually Wrapped, 20 ct",4.8,54029,60000
"Neutrogena Makeup Remover Wipes Singles, Daily Facial Cleanser Towelettes, Gently Removes Oil & Makeup, Alcohol-Free Makeup Wipes, Individually Wrapped, 20 ct",4.8,54029,60000
"LEGO Classic Medium Creative Brick Box 10696 Building Toy Set - Featuring Storage, Includes Train, Car, and a Tiger Figure, and Playset for Kids, Boys, and Girls Ages 4-99",4.8,45455,10000
"LEGO Classic Medium Creative Brick Box 10696 Building Toy Set - Featuring Storage, Includes Train, Car, and a Tiger Figure, and Playset for Kids, Boys, and Girls Ages 4-99",4.8,45455,10000
"Infantino Lil' Nibbles Textured Silicone Teether -Sensory Exploration and Teething Relief with Easy to Hold Handles, Orange Carrot",4.8,42153,10000
"Infantino Lil' Nibbles Textured Silicone Teether -Sensory Exploration and Teething Relief with Easy to Hold Handles, Orange Carrot",4.8,42153,10000
"NOW Supplements, Vitamin D-3 5,000 IU, High Potency, Structural Support*, 240 Softgels",4.8,40845,20000
"NOW Supplements, Vitamin D-3 5,000 IU, High Potency, Structural Support*, 240 Softgels",4.8,40845,20000
"Munchkin® Float & Play Bubbles™ Baby and Toddler Bath Toy, 4 Count",4.8,27099,10000
"Munchkin® Float & Play Bubbles™ Baby and Toddler Bath Toy, 4 Count",4.8,27099,10000
Xbox Series X,4.8,24023,10000
Xbox Series X,4.8,24023,10000
"Nature Made Folic Acid 400 mcg (665 mcg DFE), Dietary Supplement for Nervous System Function, 250 Tablets, 250 Day Supply",4.8,18554,10000
"Nature Made Folic Acid 400 mcg (665 mcg DFE), Dietary Supplement for Nervous System Function, 250 Tablets, 250 Day Supply",4.8,18554,10000
"Fine Ground Celtic Sea Salt – (1) 16 Ounce Resealable Bag of Nutritious, Classic Sea Salt, Great for Cooking, Baking, Pickling, Finishing and More, Pantry-Friendly, Gluten-Free",4.8,18110,10000
"Fine Ground Celtic Sea Salt – (1) 16 Ounce Resealable Bag of Nutritious, Classic Sea Salt, Great for Cooking, Baking, Pickling, Finishing and More, Pantry-Friendly, Gluten-Free",4.8,18110,10000
"Ddrops Organic Baby 400 IU 90 Drops - Daily Vitamin D Liquid for Infants. Supports Teeth & Bone Health. No Preservatives, No Sugar, Non-GMO, Allergy-Friendly",4.8,12769,10000
"Ddrops Organic Baby 400 IU 90 Drops - Daily Vitamin D Liquid for Infants. Supports Teeth & Bone Health. No Preservatives, No Sugar, Non-GMO, Allergy-Friendly",4.8,12769,10000
Nuby Ice Gel Teether Keys,4.7,103717,10000
Nuby Ice Gel Teether Keys,4.7,103717,10000
"Colossal Foot rasp Foot File and Callus Remover. Best Foot Care Pedicure Metal Surface Tool to Remove Hard Skin. Can be Used on Both Wet and Dry feet, Surgical Grade Stainless Steel File",4.7,98660,20000
"Colossal Foot rasp Foot File and Callus Remover. Best Foot Care Pedicure Metal Surface Tool to Remove Hard Skin. Can be Used on Both Wet and Dry feet, Surgical Grade Stainless Steel File",4.7,98660,20000
"Poo-Pourri Before-You-Go Toilet Spray, Original Citrus, Travel Size 10 mL - Lemon, Bergamot and Lemongrass, 0.34 Fl Oz (Pack of 1)",4.7,95727,10000
"Poo-Pourri Before-You-Go Toilet Spray, Original Citrus, Travel Size 10 mL - Lemon, Bergamot and Lemongrass, 0.34 Fl Oz (Pack of 1)",4.7,95727,10000
"NOCO Boost Plus GB40 1000A UltraSafe Car Battery Jump Starter, 12V Jump Starter Battery Pack, Battery Booster, Jump Box, Portable Charger and Jumper Cables for 6.0L Gasoline and 3.0L Diesel Engines",4.7,89852,20000
"NOCO Boost Plus GB40 1000A UltraSafe Car Battery Jump Starter, 12V Jump Starter Battery Pack, Battery Booster, Jump Box, Portable Charger and Jumper Cables for 6.0L Gasoline and 3.0L Diesel Engines",4.7,89852,20000
"Utopia Bedding Throw Pillows (Set of 4, White), 18 x 18 Inches Pillows for Sofa, Bed and Couch Decorative Stuffer Pillows",4.7,88967,40000
"Utopia Bedding Throw Pillows (Set of 4, White), 18 x 18 Inches Pillows for Sofa, Bed and Couch Decorative Stuffer Pillows",4.7,88967,40000
"Etekcity Smart Scale for Body Weight and Fat Percentage, Digital Bathroom Accurate Weighing Machine for People's Bmi Muscle, Bluetooth Electronic Body Composition Monitor Syncs with App, 400lb",4.7,88713,30000
"Etekcity Smart Scale for Body Weight and Fat Percentage, Digital Bathroom Accurate Weighing Machine for People's Bmi Muscle, Bluetooth Electronic Body Composition Monitor Syncs with App, 400lb",4.7,88713,30000
Meta Quest 2 — Advanced All-In-One Virtual Reality Headset — 128 GB,4.7,85013,10000
Meta Quest 2 — Advanced All-In-One Virtual Reality Headset — 128 GB,4.7,85013,10000
"Garnier SkinActive Micellar Water for All Skin Types, Facial Cleanser & Makeup Remover, 13.5 Fl Oz (400mL), 1 Count (Packaging May Vary)",4.7,59015,20000
"Garnier SkinActive Micellar Water for All Skin Types, Facial Cleanser & Makeup Remover, 13.5 Fl Oz (400mL), 1 Count (Packaging May Vary)",4.7,59015,20000
"Nordic Naturals Ultimate Omega, Lemon Flavor - 60 Soft Gels - 1280 mg Omega-3 - High-Potency Omega-3 Fish Oil Supplement with EPA & DHA - Promotes Brain & Heart Health - Non-GMO - 30 Servings",4.7,47531,10000
"Nordic Naturals Ultimate Omega, Lemon Flavor - 60 Soft Gels - 1280 mg Omega-3 - High-Potency Omega-3 Fish Oil Supplement with EPA & DHA - Promotes Brain & Heart Health - Non-GMO - 30 Servings",4.7,47531,10000
Bioderma - Sensibio - H2O Micellar Water - Makeup Remover Cleanser - Face Cleanser for Sensitive Skin,4.7,46770,10000
Bioderma - Sensibio - H2O Micellar Water - Makeup Remover Cleanser - Face Cleanser for Sensitive Skin,4.7,46770,10000
"Nature Made Fish Oil 1200 mg Softgels, Fish Oil Supplements, Omega 3 Fish Oil for Healthy Heart Support, Omega 3 Supplement with 100 Softgels, 50 Day Supply",4.7,43328,20000
"Nature Made Fish Oil 1200 mg Softgels, Fish Oil Supplements, Omega 3 Fish Oil for Healthy Heart Support, Omega 3 Supplement with 100 Softgels, 50 Day Supply",4.7,43328,20000
"One A Day Men’s Multivitamin, Supplement Tablet with Vitamin A, Vitamin C, Vitamin D, Vitamin E and Zinc for Immune Health Support, B12, Calcium & more, 200 count",4.7,42075,40000
"One A Day Men’s Multivitamin, Supplement Tablet with Vitamin A, Vitamin C, Vitamin D, Vitamin E and Zinc for Immune Health Support, B12, Calcium & more, 200 count",4.7,42075,40000
"Bright Starts Oball Shaker Rattle Toy, Ages Newborn +",4.7,40005,10000
"Bright Starts Oball Shaker Rattle Toy, Ages Newborn +",4.7,40005,10000
"Garnier SkinActive Micellar Water For Waterproof Makeup, Facial Cleanser & Makeup Remover, 13.5 Fl Oz (400mL), 1 Count (Packaging May Vary)",4.7,38843,20000
"Garnier SkinActive Micellar Water For Waterproof Makeup, Facial Cleanser & Makeup Remover, 13.5 Fl Oz (400mL), 1 Count (Packaging May Vary)",4.7,38843,20000
"Nature Made Fish Oil Supplements 1000 mg Softgels, Omega 3 for Healthy Heart Support, 250 Softgels, 125 Day Supply",4.7,38785,30000
"Nature Made Fish Oil Supplements 1000 mg Softgels, Omega 3 for Healthy Heart Support, 250 Softgels, 125 Day Supply",4.7,38785,30000
"First Response Early Result Pregnancy Test, 3 Count(Pack of 1)(Packaging & Test Design May Vary)",4.7,31696,10000
"First Response Early Result Pregnancy Test, 3 Count(Pack of 1)(Packaging & Test Design May Vary)",4.7,31696,10000
"Shynerk Baby Car Mirror, Safety Car Seat Mirror for Rear Facing Infant with Wide Crystal Clear View, Shatterproof, Fully Assembled, Crash Tested and Certified",4.7,27263,10000
"Shynerk Baby Car Mirror, Safety Car Seat Mirror for Rear Facing Infant with Wide Crystal Clear View, Shatterproof, Fully Assembled, Crash Tested and Certified",4.7,27263,10000
"Gold Bond Healing Hand Cream, 3 oz., With Aloe, Moisture That Lasts Through Handwashing",4.7,24141,20000
"Gold Bond Healing Hand Cream, 3 oz., With Aloe, Moisture That Lasts Through Handwashing",4.7,24141,20000
"Onco Baby Car Mirror Rear-facing - Platinum Award Winning Car Mirror Baby Rear Facing Seat, Baby Essentials for Newborn, 100% Shatterproof Baby Mirror for Car, 360° Car Seat Mirror Rear Facing Infant",4.7,23286,10000
"Onco Baby Car Mirror Rear-facing - Platinum Award Winning Car Mirror Baby Rear Facing Seat, Baby Essentials for Newborn, 100% Shatterproof Baby Mirror for Car, 360° Car Seat Mirror Rear Facing Infant",4.7,23286,10000
"Edge Shave Gel for Men, Sensitive Skin with Aloe, 7oz (3 Pack) - Shaving Gel For Men That Moisturizes, Protects and Soothes To Help Reduce Skin Irritation",4.7,21854,30000
"Edge Shave Gel for Men, Sensitive Skin with Aloe, 7oz (3 Pack) - Shaving Gel For Men That Moisturizes, Protects and Soothes To Help Reduce Skin Irritation",4.7,21854,30000
"Nature Made Extra Strength Vitamin C 1000 mg, Dietary Supplement for Immune Support, 100 Tablets, 100 Day Supply",4.7,19634,30000
"Nature Made Extra Strength Vitamin C 1000 mg, Dietary Supplement for Immune Support, 100 Tablets, 100 Day Supply",4.7,19634,30000
"CKAuto Tire Valve Stem Caps, Black, 4 pcs/Pack, Anodized Aluminum Tire Valve Cap Set, Corrosion Resistant, Universal Stem Covers for Cars Trucks Motorcycles SUVs and Bikes",4.7,19551,10000
"CKAuto Tire Valve Stem Caps, Black, 4 pcs/Pack, Anodized Aluminum Tire Valve Cap Set, Corrosion Resistant, Universal Stem Covers for Cars Trucks Motorcycles SUVs and Bikes",4.7,19551,10000
"Ocuvite Eye Vitamin & Mineral Supplement, Contains Zinc, Vitamins C, E, Omega 3, Lutein, & Zeaxanthin, 90 Softgels (Packaging May Vary)",4.7,17172,10000
"Ocuvite Eye Vitamin & Mineral Supplement, Contains Zinc, Vitamins C, E, Omega 3, Lutein, & Zeaxanthin, 90 Softgels (Packaging May Vary)",4.7,17172,10000
nutty toys 8pk Pop Tubes Sensory Toys (Large) Fine Motor Skills Learning Toddler Toy for Kids Top ADHD Autism Fidget 2023 Best Toddler Travel Toy Gifts Idea Unique Christmas Boy Girl Stocking Stuffers,4.7,16797,10000
nutty toys 8pk Pop Tubes Sensory Toys (Large) Fine Motor Skills Learning Toddler Toy for Kids Top ADHD Autism Fidget 2023 Best Toddler Travel Toy Gifts Idea Unique Christmas Boy Girl Stocking Stuffers,4.7,16797,10000
"Neutrogena Gentle Oil-Free Eye Makeup Remover & Cleanser for Sensitive Eyes, Non-Greasy Makeup Remover, Removes Waterproof Mascara, Dermatologist & Ophthalmologist Tested, 8.0 fl. oz",4.7,15828,20000
"Neutrogena Gentle Oil-Free Eye Makeup Remover & Cleanser for Sensitive Eyes, Non-Greasy Makeup Remover, Removes Waterproof Mascara, Dermatologist & Ophthalmologist Tested, 8.0 fl. oz",4.7,15828,20000
"Neutrogena Fragrance-Free Makeup Remover Wipes, Daily Facial Cleanser Towelettes, Gently Removes Oil & Makeup, Alcohol-Free Makeup Wipes, 25 ct",4.7,14330,10000
"Neutrogena Fragrance-Free Makeup Remover Wipes, Daily Facial Cleanser Towelettes, Gently Removes Oil & Makeup, Alcohol-Free Makeup Wipes, 25 ct",4.7,14330,10000
"Clearblue Clearblue Pregnancy Test Combo Pack, 4ct - 2 Digital with Smart Countdown & 2 Rapid Detection - Value Pack",4.7,13655,10000
"Clearblue Clearblue Pregnancy Test Combo Pack, 4ct - 2 Digital with Smart Countdown & 2 Rapid Detection - Value Pack",4.7,13655,10000
"HP 952 Cyan, Magenta, Yellow Ink Cartridges (3-pack) | Works with HP OfficeJet 8702, HP OfficeJet Pro 7720, 7740, 8210, 8710, 8720, 8730, 8740 Series | Eligible for Instant Ink | N9K27AN",4.7,13566,10000
"HP 952 Cyan, Magenta, Yellow Ink Cartridges (3-pack) | Works with HP OfficeJet 8702, HP OfficeJet Pro 7720, 7740, 8210, 8710, 8720, 8730, 8740 Series | Eligible for Instant Ink | N9K27AN",4.7,13566,10000
"NOW Supplements, Magnesium 400 mg, Enzyme Function*, Nervous System Support*, 180 Veg Capsules",4.7,11666,10000
"NOW Supplements, Magnesium 400 mg, Enzyme Function*, Nervous System Support*, 180 Veg Capsules",4.7,11666,10000
"Urban Decay All Nighter Long-Lasting Makeup Setting Spray - Award-Winning Makeup Finishing Spray - Lasts Up To 16 Hours - Oil-Free, Natural Finish - Non-Drying Formula for All Skin Type",4.7,11507,10000
"Urban Decay All Nighter Long-Lasting Makeup Setting Spray - Award-Winning Makeup Finishing Spray - Lasts Up To 16 Hours - Oil-Free, Natural Finish - Non-Drying Formula for All Skin Type",4.7,11507,10000
"Schick Hydro Silk Touch-Up Exfoliating Dermaplaning Tool, Face & Eyebrow Razor with Precision Cover- 9 Count | Dermaplaning Razor For Women",4.6,183726,10000
"Schick Hydro Silk Touch-Up Exfoliating Dermaplaning Tool, Face & Eyebrow Razor with Precision Cover- 9 Count | Dermaplaning Razor For Women",4.6,183726,10000
"Utopia Bedding Throw Pillows Insert (Pack of 2, White) - 18 x 18 Inches Bed and Couch Pillows - Indoor Decorative Pillows",4.6,172980,30000
"Utopia Bedding Throw Pillows Insert (Pack of 2, White) - 18 x 18 Inches Bed and Couch Pillows - Indoor Decorative Pillows",4.6,172980,30000
"Beetles 2 Pcs 15ml No Wipe Gel Top Coat and Base Coat Set - Shine Finish and Long Lasting, Soak Off LED Nail Lamp Gel Base Top Coat Finish Nail Art Design Manicure Gifts for Women",4.6,85486,40000
"Beetles 2 Pcs 15ml No Wipe Gel Top Coat and Base Coat Set - Shine Finish and Long Lasting, Soak Off LED Nail Lamp Gel Base Top Coat Finish Nail Art Design Manicure Gifts for Women",4.6,85486,40000
"Easy@Home 50 Ovulation Test Strips and 20 Pregnancy Test Strips Combo Kit, (50 LH + 20 HCG)-Package May Vary",4.6,69517,10000
"Easy@Home 50 Ovulation Test Strips and 20 Pregnancy Test Strips Combo Kit, (50 LH + 20 HCG)-Package May Vary",4.6,69517,10000
"Nail Files and Buffer, TsMADDTs Professional Manicure Tools Kit Rectangular Art Care Buffer Block Tools 100/180 Grit 12Pcs/Pa(Black)",4.6,61957,10000
"Nail Files and Buffer, TsMADDTs Professional Manicure Tools Kit Rectangular Art Care Buffer Block Tools 100/180 Grit 12Pcs/Pa(Black)",4.6,61957,10000
